<?xml version="1.0" encoding="utf-8"?>
<!--/414629/1335035/2.50/3/4/Integrated Circuit/-->
<quadcept_library>
  <setting unit="mil" />
  <textstyle name="Default" height="47.244094488189" strokewidth="7.8740157480315" charwidth="47.244094488189" />
  <textstyle name="Dimension" height="19.6850393700787" strokewidth="0" charwidth="19.6850393700787" />
  <textstyle name="H127W0635TH00762" height="50" strokewidth="3" charwidth="25" />
  <textstyle name="H15W15TH02" height="59.0551181102362" strokewidth="7.8740157480315" charwidth="59.0551181102362" />
  <padstyle name="r275_100" surface="True" plated="False" isvia="False" nopaste="False" nomask="True" complex="False" holesize="0">
    <padshape layer="TOP" shape="rectangle" width="39.370078740157" height="108.26771653543" />
    <padshape layer="TOP_SOLDER_MASK" shape="rectangle" width="47.244094488188" height="116.14173228346" />
    <padshape layer="TOP_SOLDER_PASTE" shape="rectangle" width="39.370078740157" height="108.26771653543" />
  </padstyle>
  <padstyle name="r615_555" surface="True" plated="False" isvia="False" nopaste="False" nomask="True" complex="False" holesize="0">
    <padshape layer="TOP" shape="rectangle" width="218.50393700787" height="242.12598425197" />
    <padshape layer="TOP_SOLDER_MASK" shape="rectangle" width="226.3779527559" height="250" />
    <padshape layer="TOP_SOLDER_PASTE" shape="rectangle" width="218.50393700787" height="242.12598425197" />
  </padstyle>
  <footprint name="KVU0003A" originx="0" originy="0" pickpointx="0" pickpointy="0">
    <pcbpin number="1" name="1" style="r275_100" originx="-322.83464566929" originy="90.15748031496" rotation="90" />
    <pcbpin number="2" name="2" style="r275_100" originx="-322.83464566929" originy="-90.15748031496" rotation="90" />
    <pcbpin number="3" name="3" style="r615_555" originx="-59.055118110235" originy="0" rotation="90" />
    <line layer="TOP_ASSEMBLY" originx="-240.15748031496" originy="127.95275590551" endx="0" endy="127.95275590551" width="7.8740157480314" />
    <line layer="TOP_ASSEMBLY" originx="0" originy="127.95275590551" endx="0" endy="-127.95275590551" width="7.8740157480314" />
    <line layer="TOP_ASSEMBLY" originx="0" originy="-127.95275590551" endx="-240.15748031496" endy="-127.95275590551" width="7.8740157480314" />
    <line layer="TOP_ASSEMBLY" originx="-240.15748031496" originy="-127.95275590551" endx="-240.15748031496" endy="127.95275590551" width="7.8740157480314" />
    <line layer="TOP_SILKSCREEN" originx="0" originy="127.95275590551" endx="-240.15748031496" endy="127.95275590551" width="7.8740157480314" />
    <line layer="TOP_SILKSCREEN" originx="-240.15748031496" originy="127.95275590551" endx="-240.15748031496" endy="-127.95275590551" width="7.8740157480314" />
    <line layer="TOP_SILKSCREEN" originx="-240.15748031496" originy="-127.95275590551" endx="0" endy="-127.95275590551" width="7.8740157480314" />
    <arc layer="TOP_SILKSCREEN" originx="-413.42519685039" originy="96.220472440944" startangle="180" sweepangle="180" radius="4.0944881889763" width="7.8740157480314" />
    <arc layer="TOP_SILKSCREEN" originx="-413.42519685039" originy="96.220472440944" startangle="180" sweepangle="-180" radius="4.0944881889763" width="7.8740157480314" />
  </footprint>
  <symbol name="LM317MKVURG3" originx="0" originy="0">
    <line originx="200" originy="100" endx="1100" endy="100" width="0" />
    <line originx="1100" originy="-200" endx="1100" endy="100" width="0" />
    <line originx="1100" originy="-200" endx="200" endy="-200" width="0" />
    <line originx="200" originy="100" endx="200" endy="-200" width="0" />
    <sympin number="1" originx="200" originy="0" rotation="180" length="100" width="7.8740157480315" flipped="False">
      <text name="pinname" originx="230" originy="0" style="Default" rotation="0" justify="left" flipped="False" hidden="False" data="ADJUST" />
      <text name="pindes" originx="140" originy="20" style="Default" rotation="0" justify="lowerright" flipped="False" hidden="False" data="1" />
    </sympin>
    <sympin number="2" originx="200" originy="-100" rotation="180" length="100" width="7.8740157480315" flipped="False">
      <text name="pinname" originx="230" originy="-100" style="Default" rotation="0" justify="left" flipped="False" hidden="False" data="INPUT" />
      <text name="pindes" originx="140" originy="-80" style="Default" rotation="0" justify="lowerright" flipped="False" hidden="False" data="2" />
    </sympin>
    <sympin number="3" originx="1100" originy="0" rotation="0" length="100" width="7.8740157480315" flipped="False">
      <text name="pinname" originx="1070" originy="0" style="Default" rotation="0" justify="right" flipped="False" hidden="False" data="OUTPUT" />
      <text name="pindes" originx="1160" originy="20" style="Default" rotation="0" justify="lowerleft" flipped="False" hidden="False" data="3" />
    </sympin>
  </symbol>
  <component name="LM317MKVURG3" designatorprefix="IC" height="0" footprint="KVU0003A">
    <comppin designator="1" sympin="1" pinswap="0" gateswap="0" gate="1" group="1" side="" type="Any" name="ADJUST" />
    <comppin designator="2" sympin="2" pinswap="0" gateswap="0" gate="1" group="1" side="" type="Any" name="INPUT" />
    <comppin designator="3" sympin="3" pinswap="0" gateswap="0" gate="1" group="1" side="" type="Any" name="OUTPUT" />
    <attached_symbol gate="1" name="LM317MKVURG3" />
    <pinmap designator="1" footprintpin="1" />
    <pinmap designator="2" footprintpin="2" />
    <pinmap designator="3" footprintpin="3" />
    <text name="Datasheet" originx="0" originy="0" style="Default" rotation="0" justify="" flipped="False" hidden="True" data="http://www.ti.com/lit/gpn/lm317m" />
    <text name="Description" originx="0" originy="0" style="Default" rotation="0" justify="" flipped="False" hidden="True" data="Texas Instruments LM317MKVURG3, Single Linear Voltage Regulator, 500mA Adjustable 37 V, 3-Pin TO-252" />
    <text name="Mouser Part Number" originx="0" originy="0" style="Default" rotation="0" justify="" flipped="False" hidden="True" data="595-LM317MKVURG3" />
    <text name="Mouser Price/Stock" originx="0" originy="0" style="Default" rotation="0" justify="" flipped="False" hidden="True" data="https://www.mouser.co.uk/ProductDetail/Texas-Instruments/LM317MKVURG3?qs=VBduBm9rCJQKI%252B1%252BNP5Csw%3D%3D" />
    <text name="Manufacturer_Name" originx="0" originy="0" style="Default" rotation="0" justify="" flipped="False" hidden="True" data="Texas Instruments" />
    <text name="Manufacturer_Part_Number" originx="1150" originy="200" style="Default" rotation="0" justify="left" flipped="False" hidden="False" data="LM317MKVURG3" />
  </component>
</quadcept_library>
